k,a_k,b_k,A_k
1,-1.1718301797565074,-3.7160854494548987,3.89646981739094
2,-4.281954892096335,0.4695469548495021,4.3076225508691195
3,-2.820777789138505,-0.7044392736459704,2.907408128548858
4,1.00190434050552,-0.08372411512949111,1.0053964566169988
5,2.1697512028907804,147.6826363860432,147.698574502988
6,-1.0135809133067233,-0.4415345944992114,1.1055763501266092
7,-2.240603182986689,-1.154620923832772,2.5206055029223684
8,0.7228934651135988,1.767366725595237,1.9094921064631756
9,2.846283585414758,0.29292218790978225,2.8613167697358053
10,1.0680303876360648,2.7141377768016755,2.91671609526467
11,2.3685185128138855,0.1465818627581175,2.3730499758816164
12,0.6429743657055169,-0.17386648308038252,0.6660672555329175
13,4.428616851780171,0.3419755963708558,4.441800820431339
14,-0.26428537109579886,0.31796385213954453,0.41345830339063483
15,-2.598490576697841,-3.2282842178718676,4.144149160991681
16,-0.21821315996884005,-1.2870082913116125,1.3053763155076865
17,2.0648875292590936,-0.39869398205959805,2.1030257725050023
18,-3.336528574386082,-1.0768750602045039,3.5060066775443075
19,1.9245445139337518,-1.2485440506853447,2.294064914646983
20,-2.9377026226726266,0.04156992281338353,2.9379967252773342
21,-1.1361849707496612,2.3725492683056344,2.63057148131257
22,-1.1837634395159748,1.2248192333385537,1.7033725473573695
23,2.1257621704706318,-2.7747270528649715,3.495422009329452
24,-0.785521903788163,0.8959583474807742,1.1915477421200795
25,3.181231032022803,0.1278472212521756,3.1837989558209814
26,2.469137261657209,0.6101200094032961,2.543400330812737
27,0.03878280339216235,1.5297263606349607,1.5302179074433933
28,2.5922262186185328,0.022530990690283033,2.5923241336751897
29,1.2289578867309712,-1.5677891747838621,1.9920593324315714
30,1.2679563777553458,0.30474277007933004,1.3040634692399296
31,0.030485815242378523,-0.20753538094629947,0.2097625306758051
32,-0.09819444876005673,0.9779340350059565,0.9828515282535419
33,3.668172318429034,-0.835230013807759,3.7620602511993804
34,2.2383132310546507,1.4245277673336791,2.653172719635679
35,0.6164389269730891,-3.7673534414954983,3.817453196024243
36,0.6165525645821827,0.8023161304216574,1.0118538619917643
37,1.6611445678318433,-0.44626543488723386,1.7200447998852626
38,-2.3865051429390753,-3.102866075403296,3.914483960774818
39,0.8773626516217482,-0.30279324153674225,0.9281427528031844
40,1.1333775465202098,0.45366433296836295,1.2208013720355166
41,-0.8893129624092017,1.1206992214886977,1.4306796602155227
42,3.5409066836018113,-0.8211768864539645,3.634879863327288
43,0.4842083084116521,0.6117461670425737,0.7801865538614172
44,-1.7583063518138338,-0.18941611173398998,1.7684794853809578
45,-0.30860328070214976,0.7338487110851384,0.796096674796126
46,-2.6052276506936596,-2.688734679769896,3.743862349250588
47,-0.9298282268557659,-3.0685386303256195,3.2063234174453408
48,2.0207714057269084,-1.191481181917171,2.34587818973327
49,4.8438798095747595,0.1598417369901572,4.8465163767896255
50,0.9372867165972805,0.5665238582797975,1.0951966358193121
