index,traffic
0,527.7853264259493
1,566.7010771435009
2,476.84295782007143
3,544.9962742885758
4,517.7842060010735
5,531.7387876433013
6,537.4468651755355
7,537.9471706443665
8,573.7186999536021
9,555.4455157545184
10,596.2814926172662
11,594.1064551788293
12,595.513624483311
13,582.1183842519638
14,598.2738464993184
15,644.0142859310148
16,641.6767044540337
17,602.119344662623
18,638.7040270327798
19,662.0080865843913
20,592.5763190106319
21,661.5882799406927
22,627.4643748409279
23,665.9351652549665
24,626.8062345679652
25,595.8535369800644
26,600.8777361277458
27,650.2597535970132
28,655.1347626609478
29,618.1579754161623
30,661.8162512075942
31,589.6208710151689
32,633.7416639104835
33,595.1155160137058
34,607.0941055912375
35,622.7745092957346
36,589.7645854578498
37,597.808627786317
38,632.8708501657366
39,578.306842376609
40,613.2385512058253
41,546.482813607121
42,588.1571764527158
43,607.113952354498
44,481.069347898883
45,522.4456914921278
46,554.6156468901444
47,522.0158356065689
48,529.934361235785
49,491.2990223279224
50,502.597693624187
51,485.91110500884065
52,516.2334768151486
53,479.5254281111777
54,472.82459678752787
55,441.2911418600839
56,430.1531303751235
57,423.1563606306505
58,439.57051315609164
59,406.9964463285426
60,420.5254578630215
61,466.64842549705975
62,423.4516752136475
63,380.873999921753
64,420.4594312485499
65,366.40518965311134
66,312.2070751193621
67,338.31140866589834
68,308.1521844993214
69,349.988122595523
70,357.8940739314136
71,405.00564519896375
72,362.46473360362154
73,344.6097789385624
74,375.17815817126393
75,283.66594072976346
76,357.3644274790163
77,374.3087506194373
78,308.2993250173015
79,389.0251471269132
80,367.4964147805594
81,348.07488969973826
82,383.25939811328556
83,436.6747837275524
84,378.8067988264526
85,386.0940684327679
86,370.64218659742426
87,365.15937480284447
88,422.22800860702415
89,378.70388676043046
90,413.9791992727108
91,405.29625735019704
92,442.1063436571344
93,446.1429694238475
94,475.90751542503534
95,438.3469588781154
96,454.6002688664705
97,442.5298913386721
98,467.8712171630709
99,501.9004368619486
100,522.7096584993606
101,481.7536182040682
102,544.8881626378154
103,568.7763329520074
104,549.7065301714391
105,602.656423532984
106,532.0050069295945
107,526.5272526354183
108,518.9014436481289
109,625.2553485915249
110,607.7987575344928
111,593.9460583349899
112,611.0811246788979
113,575.5806226942603
114,688.9495458048732
115,625.2291846154989
116,629.9310326634491
117,653.2190007235403
118,650.1543348220043
119,646.1829936116117
120,618.9442437809137
121,659.4315248833745
122,703.8038225035543
123,689.179806581821
124,697.4996080634227
125,634.6635297070645
126,620.0158646564834
127,645.0435975941823
128,649.0148349779641
129,678.1132197234232
130,591.8845385528284
131,685.3529824670562
132,630.9838209125332
133,618.6395699081569
134,596.2860575674972
135,571.706849000269
136,640.2721039352258
137,611.544833128864
138,563.9832388970717
139,556.7612353003949
140,578.0942468651672
141,630.4446650055314
142,564.4753105743492
143,518.7726051412177
144,547.8463909801234
145,538.1708420638121
146,456.3968837864809
147,526.4783511923245
148,511.8719491283855
149,530.3047688737995
150,555.4686828483603
151,524.3783729570358
152,473.1333542487094
153,438.6970255498914
154,539.8973110227677
155,455.4240038641926
156,445.1991958546868
157,435.4093536519389
158,433.6794917077783
159,415.2951683954324
160,394.622351949722
161,387.9806333004849
162,396.33533600421686
163,374.3519627527753
164,363.03764010331673
165,381.8403576745148
166,365.70149465207214
167,413.6737876509012
168,284.74684787830665
169,393.2787326744362
170,394.72407833065586
171,292.5108188584609
172,342.3762845682863
173,340.03956882295455
174,308.07063989422466
175,326.66549937227376
176,316.9787153717844
177,403.75090810553695
178,380.7272641851205
179,392.85917868053
180,378.9916844770239
181,326.6619739802454
182,348.5403341417039
183,383.2352348302579
184,336.6869769079393
185,400.0374037489295
186,377.21325163888747
187,379.4100816603004
188,418.64673315680153
189,417.7143008822775
190,401.00322718155655
191,454.40587485407787
192,395.30504905674564
193,454.6111744735671
194,462.5743548363498
195,444.36105766433815
196,472.4805075925352
197,434.35939552058204
198,508.9208255415614
199,485.0343579773133
200,484.31830938442874
201,540.8888547045035
202,497.66967431836264
203,485.85335829695197
204,490.6046078690111
205,564.5328476966113
206,516.8058023278134
207,616.5107191942917
208,509.80516887874546
209,631.2677102955506
210,594.4983118599495
211,592.7122051061916
212,586.3344932850348
213,621.3193775437737
214,614.4479453436229
215,654.4516056167377
216,630.0760182851634
217,635.9550548504359
218,624.8156915034872
219,637.7581041716055
220,651.8925305110348
221,593.9824223895959
222,606.897524946132
223,671.1151280178532
224,654.829972408079
225,644.4804999094197
226,650.2570272562025
227,659.2446563580218
228,631.1502972000225
229,621.9383324072253
230,648.5338350972036
231,610.1152895547868
232,647.9716405413373
233,580.3684938794443
234,657.5238579450717
235,635.5304736286334
236,623.2578784457846
237,638.8260236315772
238,652.6462992231807
239,626.0447004128474
240,532.9415609039216
241,541.9867102447786
242,553.5184937843869
243,564.6496252410861
244,570.7484535167754
245,524.5802347616382
246,542.9064860090407
247,505.4457092172589
248,500.4544509448871
249,467.21874502395065
250,472.303002616673
251,450.03088390211315
252,451.9238173760343
253,503.5020567103765
254,434.21455026031356
255,532.6189127888795
256,459.5808541237249
257,441.67818997608526
258,401.98621547930634
259,440.6352771354203
260,394.5630773689959
261,408.0466959770575
262,474.1204702587607
263,387.77290889504894
264,418.90121337220205
265,357.55215808998116
266,372.3011564597888
267,421.67801706248576
268,345.466930396464
269,414.90698385667014
270,378.5740806193912
271,337.83852255387734
272,371.62914456236234
273,380.35942829163025
274,368.9502896022752
275,302.8932584032863
276,328.48187546101315
277,343.7572357362832
278,350.4239095176953
279,373.3326887572257
280,362.6725525837245
281,320.47319635545944
282,375.68187766027586
283,386.871570351935
284,390.14452461262874
285,411.0708726103963
286,409.4406782200988
287,404.4301082636414
288,395.21296276693727
289,354.55757353221674
290,424.7207587301065
291,425.85661136804373
292,435.88431400060415
293,397.83064899063004
294,412.3496208850502
295,485.24203644374467
296,461.50986230957176
297,492.3378237333201
298,482.0495662492682
299,491.47410625547525
300,528.1485141792798
301,493.93723608287564
302,521.6836083428749
303,514.2389385267077
304,524.2685962517589
305,537.0773854521831
306,561.8826960517126
307,549.5044350848561
308,609.935734882463
309,553.5358001802643
310,582.5616385190301
311,582.421666714078
312,646.0914024199151
313,615.2419374085588
314,646.5323226004276
315,576.7857379651331
316,634.6606968013801
317,658.1349258752824
318,638.1925775481654
319,671.4308841351982
320,627.1398239412619
321,687.567897374862
322,716.3100313178807
323,637.9320483839819
324,636.3389336222176
325,693.601534313531
326,697.0911736361621
327,633.1314043825736
328,634.7374830964276
329,636.8339359034796
330,602.3249621132447
331,611.9069144887119
332,605.599834867341
333,608.4120750534559
334,625.608642203699
335,628.3789911323377
336,662.0920012007906
337,579.394672891048
338,632.2117378436009
339,589.1939331355383
340,586.6838765542981
341,600.6186040118473
342,538.5813904683885
343,575.3391861202826
344,560.2122491490937
345,561.126087076487
346,545.9785423919627
347,601.7662013851855
348,499.6677855071062
349,493.48866927934256
350,481.3057842072572
351,473.91710849579556
352,462.0784011461585
353,507.5632987453682
354,505.31164436496783
355,436.52506203127393
356,419.81064990417184
357,450.27557295683124
358,411.1702575563136
359,438.61393528581584
360,417.9199027816681
361,358.91407808777967
362,443.7430901505987
363,444.53103607965375
364,366.03935286909996
365,367.0164040456786
366,381.92677289644513
367,378.5877016930315
368,384.032270310282
369,420.8396632797528
370,352.0331057309055
371,330.76360849455176
372,311.27733555026094
373,329.2548936045708
374,349.30218154954537
375,403.8367359055336
376,334.76765176467416
377,357.8964333519952
378,352.16422550851405
379,390.3643240341478
380,433.14949533193555
381,344.6074639291526
382,349.5927588545503
383,399.87882430549257
384,393.80755586348687
385,434.048670615839
386,401.9408591434106
387,379.8759431631765
388,415.03757903146595
389,437.6475089551833
390,436.4466775920498
391,434.8442016863693
392,459.7371895724171
393,471.211973978609
394,486.24608682842376
395,473.1087474714473
396,457.6829745157662
397,476.294213405141
398,517.395283960605
399,466.07335194098584
400,511.0601992661869
401,497.61841355957597
402,519.66232972269
403,566.4607530660774
404,543.036455115325
405,547.7456456009262
406,514.4229986733042
407,586.2545007155775
408,591.6275765494895
409,645.2716609460133
410,578.9344407952808
411,602.1881082922215
412,610.1635764006262
413,656.6688925061158
414,612.7181204447596
415,629.7231949293521
416,644.8860841167981
417,637.0442757012703
418,622.3310494333871
419,645.2891726701869
420,674.8674299400661
421,614.4920151869628
422,651.3321778337095
423,627.8135807489965
424,685.555408131986
425,604.3043928564867
426,632.9363538460932
427,660.1335614491074
428,694.3088084863335
429,643.314966337105
430,626.0024916434771
431,695.9011849664555
432,592.2836408574158
433,565.4818233079773
434,639.8496223269021
435,606.2909224256637
436,584.940001902447
437,630.5959875321928
438,609.9960873024397
439,578.6912395402017
440,549.7586558837443
441,606.547739095254
442,591.7690864540174
443,560.8916178213797
444,610.6177927841314
445,514.2500061664574
446,491.53772794698597
447,507.34995509142135
448,517.4324045439807
449,516.7187614090784
450,492.76291826431026
451,501.1430839660321
452,443.6538322396413
453,515.2057409343395
454,460.2319815734951
455,487.16632579140156
456,455.0630774886294
457,449.8357028398526
458,444.82996729170895
459,433.05723755367006
460,431.1138949521555
461,444.2609774416697
462,403.213569201741
463,411.9248186144439
464,381.73094275501506
465,421.8509673072424
466,353.05904211291966
467,422.5822109807449
468,363.0712036107668
469,317.6102740532209
470,361.1846550030507
471,334.280976106459
472,377.87621886035845
473,331.6040754237566
474,336.9104877393159
475,293.3137780716341
476,336.72680115828695
477,278.4664150039596
478,305.13982768612505
479,377.5249655150342
480,380.9155273152519
481,373.2972539703112
482,335.2666578362206
483,367.1226573091611
484,373.24273500198075
485,343.8965101679813
486,429.52496263664585
487,416.97557460405807
488,390.68900889580675
489,405.19297670753235
490,418.0836963945555
491,358.3739347004216
492,420.3216274091245
493,415.67357882530536
494,414.732716800451
495,445.2144420571793
496,516.6271127307575
497,491.1180886501511
498,464.0646452718699
499,507.75890551128765
